user_id,first_name,last_name,version,insurance_company
rzumbusch0,Rona,Zumbusch,4,"Bayer, Hickle and Gusikowski"
kblissett1,Katlin,Blissett,8,Kuhic-Pouros
pcoppeard2,Parsifal,Coppeard,7,Collins and Sons
ahilley3,Ashby,Hilley,10,Kutch Inc
seacott4,Sharyl,Eacott,3,"Hauck, Fahey and Reinger"
gdickons5,Glyn,Dickons,8,Kuphal-Bernhard
tdowsey6,Trude,Dowsey,5,Brekke-Stracke
ssottell7,Sibylla,Sottell,5,"Swaniawski, Bauch and Feeney"
ctasseler8,Chandal,Tasseler,9,"Rosenbaum, Haag and Tillman"
mgatherell9,Madel,Gatherell,2,"Beier, Goyette and Cartwright"
jmarzellea,Jeanine,Marzelle,4,"Ward, Quitzon and Lynch"
mfranzelinib,Miof mela,Franzelini,4,Koepp-Grimes
bbulliventc,Bernie,Bullivent,10,Predovic and Sons
jgeertjed,Jarrid,Geertje,3,Hintz-Hilpert
kblandforde,Kristofor,Blandford,4,Larkin Group
esimesterf,Elle,Simester,7,Daugherty-White
ltempertong,Lynelle,Temperton,3,Aufderhar LLC
rcheneh,Ruddie,Chene,4,"Roob, Sporer and Kuvalis"
jraphaeli,Jonis,Raphael,4,Langosh Group
qgabbidonj,Quintana,Gabbidon,2,Schumm-McGlynn
abellochtk,Adelle,Bellocht,7,"Carter, Ryan and Hamill"
prawlsl,Pebrook,Rawls,7,"Waelchi, Hudson and Moore"
cgregolim,Ciel,Gregoli,5,Shields and Sons
rcoringtonn,Reagen,Corington,2,"Glover, Monahan and Harber"
wsandavero,Wolfgang,Sandaver,1,Murazik-Bashirian
lmarderp,Lanie,Marder,9,Berge-Kshlerin
cdechastelainq,Charissa,de Chastelain,10,VonRueden-Wisoky
rciccoloir,Rooney,Ciccoloi,8,Corwin and Sons
plandsmans,Peri,Landsman,10,"Heathcote, Volkman and Kuhic"
mrawoodt,Minna,Rawood,8,"Armstrong, Dooley and Kub"
glappinu,Gregor,Lappin,8,Huel-Zemlak
jsmeallv,Jewell,Smeall,10,Weber Inc
ldenisw,Lisetta,Denis,4,"Murazik, Roob and Jakubowski"
abaikex,Aristotle,Baike,2,McClure Inc
bbisatty,Bryanty,Bisatt,3,Mitchell LLC
bholehousez,Brennen,Holehouse,1,Schultz and Sons
cscroxton10,Carson,Scroxton,10,Schamberger-Rice
omattys11,Ossie,Mattys,1,Johnson Inc
gcroysdale12,Giovanni,Croysdale,6,Considine and Sons
bmeeland13,Bartolemo,Meeland,7,Rosenbaum LLC
jnelane14,Jaimie,Nelane,7,Sanford and Sons
tdunk15,Ted,Dunk,9,Brekke-Quitzon
vfacey16,Vivian,Facey,9,Heaney-Baumbach
afihelly17,Anatola,Fihelly,7,"Corwin, Goyette and Howe"
ywightman18,Yasmeen,Wightman,2,Kautzer-Tromp
phaccleton19,Prudence,Haccleton,7,Padberg and Sons
eexcell1a,Elicia,Excell,4,Parisian-Langosh
alarby1b,Arman,Larby,7,Crona-Hintz
dpeasgood1c,Devon,Peasgood,10,Waelchi and Sons
rwoodruffe1d,Rosmunda,Woodruffe,6,"Harber, Paucek and Monahan"
ebraunds1e,Elita,Braunds,4,Crist Inc
aberan1f,Allis,Beran,5,"D'Amore, Gibson and Volkman"
fpaprotny1g,Frasco,Paprotny,5,"Maggio, Aufderhar and Hammes"
mloughran1h,Madella,Loughran,5,Reichel-Wuckert
mderycot1i,Merill,Derycot,5,"Walter, Rice and Pacocha"
emacmearty1j,Emalia,MacMearty,7,"VonRueden, Huels and Johnston"
laubray1k,Lulita,Aubray,7,Ledner Inc
kbatchley1l,Kory,Batchley,5,Labadie Inc
lkyttor1m,Loralie,Kyttor,1,Deckow-Kshlerin
ecawthorn1n,Ericka,Cawthorn,1,Koelpin LLC
acockerton1o,Adriano,Cockerton,9,"Beahan, Beer and Adams"
obramford1p,Otis,Bramford,5,"Rath, Runte and Hand"
atofts1q,Audy,Tofts,1,"Abernathy, Schuppe and Hagenes"
bsarll1r,Boycey,Sarll,10,"Herzog, Hodkiewicz and Kunze"
csrawley1s,Cosetta,Srawley,3,Denesik-Cole
twoofenden1t,Timmi,Woofenden,7,"Cartwright, Langosh and Nader"
imcinnerny1u,Izzy,McInnerny,4,Rutherford-Lemke
ahupka1v,Avis,Hupka,5,"Stoltenberg, Turner and Kovacek"
bbraunstein1w,Becca,Braunstein,3,"Schmitt, Robel and Erdman"
scasswell1x,Sibby,Casswell,10,"Ondricka, Kunde and Bruen"
rfarnon1y,Rutter,Farnon,1,Kiehn Group
gleyninye1z,Gene,Leyninye,3,"Conn, Gibson and Witting"
vmcconnel20,Vassili,McConnel,4,Shanahan-Treutel
acondy21,Ambros,Condy,5,Parisian and Sons
tpetri22,Taite,Petri,5,Ortiz-D'Amore
bchezier23,Burk,Chezier,4,"Nader, Casper and Lebsack"
schesshyre24,Sibyl,Chesshyre,4,Mitchell-Kessler
kbarbier25,Katrine,Barbier,3,Welch Inc
cjennrich26,Christy,Jennrich,8,Hyatt-Blanda
clicciardello27,Corie,Licciardello,6,"Schinner, Mertz and Moore"
esponder28,Em,Sponder,9,Halvorson Group
lpalatini29,Laurianne,Palatini,4,"Shields, Wilkinson and West"
wguiet2a,Waneta,Guiet,8,"Cormier, Greenholt and Jacobs"
dgroucutt2b,Daphene,Groucutt,2,Sporer LLC
lmacarte2c,Lira,MacArte,10,Kiehn-Spencer
lsteinhammer2d,Loren,Steinhammer,2,"Bahringer, Douglas and Parker"
achipping2e,Auberta,Chipping,9,Ernser and Sons
bstather2f,Bronson,Stather,6,Wolf and Sons
rfogden2g,Robinson,Fogden,9,"Ebert, Schmeler and Corwin"
jbassett2h,Jennilee,Bassett,8,"Franecki, Welch and Barrows"
jcatmull2i,Jorie,Catmull,7,Denesik-Corwin
mjordi2j,Marybeth,Jordi,4,"Cassin, Graham and Kuhlman"
anapton2k,Alejoa,Napton,10,Brakus-Harvey
jfairley2l,Josefina,Fairley,10,Keeling Group
bvaladez2m,Basilio,Valadez,2,Funk Group
wdellow2n,Will,Dellow,3,"Kautzer, Hamill and Abbott"
lmixter2o,Laurena,Mixter,7,Abbott Inc
pcamden2p,Penelope,Camden,5,Grady-Auer
sprozillo2q,Stearne,Prozillo,6,"Fay, Bashirian and Zieme"
ajenkison2r,Aleen,Jenkison,2,Sawayn-Langosh
