user_id,first_name,last_name,version,insurance_company
mfattori0,Mariya,Fattori,5,Paucek and Sons
kjeavons1,Kelsey,Jeavons,9,"Konopelski, Bednar and Hettinger"
xfeldklein2,Xerxes,Feldklein,5,Little-Bahringer
jstannering3,Jed,Stannering,6,Hintz-Howe
mpagden4,Miranda,Pagden,6,"Ledner, Pfannerstill and Orn"
cdrewe5,Cathy,Drewe,7,"Eichmann, O'Reilly and Gutmann"
hroose6,Harley,Roose,3,Dickens-Dare
mnursey7,Malissa,Nursey,9,"Dietrich, VonRueden and Davis"
jellerey8,Jacquelin,Ellerey,3,"Connelly, Grady and Kulas"
jmarlow9,Jewel,Marlow,6,Cole and Sons
mpagden4,Miranda,Pagden,9,"Ledner, Pfannerstill and Orn"
atilta,Amalea,Tilt,7,Weimann-Mayert
ageneryb,Alfy,Genery,1,"MacGyver, Okuneva and DuBuque"
bodriscollc,Bettye,O' Driscoll,5,"Brekke, Schaefer and MacGyver"
umatzeld,Udell,Matzel,4,"Weimann, Greenfelder and Armstrong"
fcerecerese,Flynn,Cereceres,1,Sporer LLC
lklaggef,Lombard,Klagge,5,Kessler-Greenholt
mmckennyg,Mable,McKenny,7,"Okuneva, Lubowitz and Balistreri"
cshobbrookh,Casandra,Shobbrook,5,Boyer Group
ybuzeki,Yule,Buzek,5,Bartell-Bednar
etointonj,Essy,Tointon,7,Weber-Bradtke
csparryk,Catlaina,Sparry,1,"Doyle, Runte and Kreiger"
hgreenhalll,Heywood,Greenhall,8,Maggio-Casper
mcraftm,Mehetabel,Craft,9,Bernhard-Smitham
aszwarcn,Anderea,Szwarc,8,Hessel LLC
bhaineso,Brice,Haines,1,"Wiegand, Kutch and McGlynn"
tgentilp,Tine,Gentil,1,Baumbach-Lindgren
creardonq,Cedric,Reardon,5,"Schaden, Johnson and Gaylord"
gjacquemardr,Gayel,Jacquemard,6,Sauer LLC
tbramsoms,Thadeus,Bramsom,5,Brekke-Herzog
etointonj,Essy,Tointon,8,Weber-Bradtke
aadderleyt,Abe,Adderley,8,Upton LLC
fjanicu,Free,Janic,2,Flatley LLC
cyoungev,Cello,Younge,10,Witting-Feeney
stimmisw,Sarene,Timmis,6,"Swift, Sanford and Dooley"
ctugmanx,Crawford,Tugman,10,Johnston Group
gkingey,Gilberto,Kinge,1,Ankunding-Dooley
jgooleyz,Joelie,Gooley,6,"King, Hackett and Greenfelder"
bmccory10,Bren,McCory,2,Daniel Group
gantonias11,Gus,Antonias,8,"Lehner, Rohan and Davis"
jkearley12,Jobye,Kearley,10,"Miller, Volkman and Predovic"
csmales13,Curtis,Smales,4,"Walsh, Hackett and Parker"
araeside14,Alfie,Raeside,5,"Boyle, Tremblay and Kuhlman"
tgrishukov15,Tate,Grishukov,4,Wolff-Pacocha
ctinto16,Constantina,Tinto,4,Lindgren Inc
sginni17,Stephanie,Ginni,6,Flatley and Sons
jstanners18,Jan,Stanners,8,Pacocha-Robel
hflowers19,Helena,Flowers,7,Koelpin-Gaylord
jbeneze1a,Juliann,Beneze,6,Hoeger-Kerluke
erobertazzi1b,Ethelbert,Robertazzi,4,Goyette-Nicolas
rotter1c,Rodolphe,Otter,3,Jacobi-Weber
iasplin1d,Ileana,Asplin,7,Beahan-Harvey
mgarlinge1e,Meier,Garlinge,6,"Howell, Upton and Bins"
rquinn1f,Rocky,Quinn,6,Balistreri-Kihn
scharlin1g,Sissy,Charlin,3,Ledner Inc
ckershaw1h,Claudette,Kershaw,7,Corkery-Hand
ctinto16,Constantina,Tinto,7,Lindgren Inc
ahedge1i,Antoni,Hedge,9,Purdy-Hayes
adamper1j,Adena,Damper,5,O'Keefe-Adams
kgodlee1k,Kitty,Godlee,6,Bailey-Bailey
ctomaszczyk1l,Carlita,Tomaszczyk,2,Langworth and Sons
gonions1m,Gretchen,O'Nions,10,"Nolan, Wolff and Schneider"
mferreiro1n,Martynne,Ferreiro,7,Hickle-Orn
ldabney1o,Lelia,Dabney,3,Cummerata-Yundt
cgowdy1p,Culley,Gowdy,7,"Zemlak, Ryan and Langosh"
pgiotto1q,Philly,Giotto,5,Greenfelder Group
etotman1r,Ely,Totman,10,Schinner-Ullrich
sdurtnell1s,Sula,Durtnell,6,"O'Keefe, Lynch and Nicolas"
ocristofalo1t,Ortensia,Cristofalo,7,Kautzer-Durgan
cpedwell1u,Caitrin,Pedwell,6,"Conroy, Hauck and Hessel"
kminister1v,Kessiah,Minister,8,Pfeffer-Willms
gjozsef1w,Gunter,Jozsef,5,Hammes-Predovic
vnesterov1x,Vergil,Nesterov,1,"Schmidt, Quigley and Cartwright"
aproschke1y,Ashla,Proschke,10,"Sanford, Doyle and Aufderhar"
hbadger1z,Howie,Badger,10,"McLaughlin, Yost and Breitenberg"
ivonderempten20,Iorgo,Von Der Empten,3,Jaskolski-Kirlin
vfolks21,Vallie,Folks,4,Johnson Group
sstiegars22,Sherilyn,Stiegars,10,"Wilderman, Ledner and Hane"
ccushworth23,Cris,Cushworth,4,Murphy-Gaylord
ftour24,Ferdinand,Tour,5,Corkery-O'Keefe
dburgoyne25,Delaney,Burgoyne,2,Denesik and Sons
rnorree26,Ricard,Norree,7,Deckow-Cronin
dmceneny27,Darsey,McEneny,7,"Torp, Lakin and O'Hara"
neverly28,Nani,Everly,7,Volkman Group
ehuegett29,Else,Huegett,6,Hayes Inc
lpauletto2a,Lebbie,Pauletto,3,Lowe and Sons
kfishlock2b,Katherina,Fishlock,8,Waters-Zulauf
mhuntly2c,Michal,Huntly,7,"Zboncak, Ryan and Johnston"
dcranney2d,Darbie,Cranney,5,"Luettgen, Bode and Strosin"
rmacauley2e,Rosemonde,Macauley,2,Considine LLC
rolunney2f,Rogers,O'Lunney,8,Shanahan-Glover
tcadman2g,Tatiania,Cadman,8,"Quitzon, Hills and Olson"
dbangham2h,Dody,Bangham,5,Durgan-Welch
cfurtado2i,Corinna,Furtado,5,Klocko and Sons
afigura2j,Alikee,Figura,8,Deckow-Doyle
ssorton2k,Sigismund,Sorton,7,"Romaguera, Adams and Thiel"
myancey2l,Margaret,Yancey,1,"Russel, Weissnat and Wyman"
cdickman2m,Cherianne,Dickman,10,Padberg and Sons
smacguiness2n,Sibbie,MacGuiness,8,"Rosenbaum, Pfeffer and Conroy"
bswalwell2o,Braden,Swalwell,5,"Kutch, Sanford and Wunsch"
smcdugal2p,Stephie,McDugal,3,"McCullough, Romaguera and Bergnaum"
glamas2q,Goddard,Lamas,6,Douglas Inc
rtremoulet2r,Rustin,Tremoulet,8,Tremblay Inc